STATE,ST,Sq. Mi.,Sq. Km.
Alabama,AL,"50,645","131,171"
Alaska,AK,"570,641","1,477,953"
Arizona,AZ,"113,594","294,207"
Arkansas,AR,"52,035","134,771"
California,CA,"155,779","403,466"
Colorado,CO,"103,642","268,431"
Connecticut,CT,"4,842","12,542"
Delaware,DE,"1,949","5,047"
District of Columbia,DC,61,158
Florida,FL,"53,625","138,887"
Georgia,GA,"57,513","148,959"
Hawaii,HI,"6,423","16,635"
Idaho,ID,"82,643","214,045"
Illinois,IL,"55,519","143,793"
Indiana,IN,"35,826","92,789"
Iowa,IO,"55,857","144,669"
Kansas,KS,"81,759","211,754"
Kentucky,KT,"39,486","102,269"
Louisiana,LA,"43,204","111,898"
Maine,ME,"30,843","79,883"
Maryland,MD,"9,707","25,142"
Massachusetts,MA,"7,800","20,202"
Michigan,MI,"56,539","146,435"
Minnesota,MN,"79,627","206,232"
Mississippi,MS,"46,923","121,531"
Missouri,MO,"68,742","178,040"
Montana,MT,"145,546","376,962"
Nebraska,NE,"76,824","198,974"
Nevada,NV,"109,781","284,332"
New Hampshire,NH,"8,953","23,187"
New Jersey,NJ,"7,354","19,047"
New Mexico,NM,"121,298","314,161"
New York,NY,"47,126","122,057"
North Carolina,NC,"48,618","125,920"
North Dakota,ND,"69,001","178,711"
Ohio,OH,"40,861","105,829"
Oklahoma,OK,"68,595","177,660"
Oregon,OR,"95,988","248,608"
Pennsylvania,PA,"44,743","115,883"
Rhode Island,RI,"1,034","2,678"
South Carolina,SC,"30,061","77,857"
South Dakota,SD,"75,811","196,350"
Tennessee,TN,"41,235","106,798"
Texas,TX,"261,232","676,587"
Utah,UT,"82,170","212,818"
Vermont,VT,"9,217","23,871"
Virginia,VA,"39,490","102,279"
Washington,WA,"66,456","172,119"
West Virginia,WV,"24,038","62,259"
Wisconsin,WI,"54,158","140,268"
Wyoming,WY,"97,093","251,470"
Puerto Rico,PR,"3,424","8,868"
